ид_события,ид_канала_данных,дата,время,тревожное,значение_датчика
8000001,demo-700002,2026-06-29,00:01:00,false,Есть питание
8000002,demo-700004,2026-06-29,00:03:00,false,Есть питание
8000003,demo-700005,2026-06-29,00:05:00,false,Есть питание
8000004,demo-700006,2026-06-29,00:07:00,false,Есть питание
8000005,demo-700003,2026-06-29,00:09:00,false,Есть питание
8000006,demo-700009,2026-06-29,00:11:00,false,Есть питание
8000007,demo-700010,2026-06-29,00:13:00,false,Есть питание
8000008,demo-700011,2026-06-29,00:15:00,false,Есть питание
8000009,demo-700013,2026-06-29,00:17:00,false,Есть питание
8000010,demo-700014,2026-06-29,00:19:00,false,Есть питание
8000011,demo-700007,2026-06-29,00:20:00,false,Норма
8000012,demo-700008,2026-06-29,00:25:00,false,Норма
8000013,demo-700001,2026-06-29,00:30:00,false,18.0
8000014,demo-700016,2026-06-29,00:30:00,false,16.5
8000015,demo-700015,2026-06-29,00:40:00,false,Закрыт
8000016,demo-700012,2026-06-29,00:45:00,false,0
8000017,demo-700001,2026-06-29,02:30:00,false,18.6
8000018,demo-700016,2026-06-29,02:30:00,false,17.1
8000019,demo-700012,2026-06-29,02:45:00,false,0.01
8000020,demo-700002,2026-06-29,03:01:00,false,Есть питание
8000021,demo-700004,2026-06-29,03:03:00,false,Есть питание
8000022,demo-700005,2026-06-29,03:05:00,false,Есть питание
8000023,demo-700006,2026-06-29,03:07:00,false,Есть питание
8000024,demo-700003,2026-06-29,03:09:00,false,Есть питание
8000025,demo-700004,2026-06-29,03:10:05,true,Неисправен
8000026,demo-700009,2026-06-29,03:11:00,false,Есть питание
8000027,demo-700004,2026-06-29,03:12:40,true,Обесточен
8000028,demo-700010,2026-06-29,03:13:00,false,Есть питание
8000029,demo-700011,2026-06-29,03:15:00,false,Есть питание
8000030,demo-700013,2026-06-29,03:17:00,false,Есть питание
8000031,demo-700014,2026-06-29,03:19:00,false,Есть питание
8000032,demo-700004,2026-06-29,03:41:10,false,Есть питание
8000033,demo-700001,2026-06-29,04:30:00,false,19.2
8000034,demo-700016,2026-06-29,04:30:00,false,17.7
8000035,demo-700012,2026-06-29,04:45:00,false,0
8000036,demo-700002,2026-06-29,06:01:00,false,Есть питание
8000037,demo-700004,2026-06-29,06:03:00,false,Есть питание
8000038,demo-700005,2026-06-29,06:05:00,false,Есть питание
8000039,demo-700006,2026-06-29,06:07:00,false,Есть питание
8000040,demo-700003,2026-06-29,06:09:00,false,Есть питание
8000041,demo-700009,2026-06-29,06:11:00,false,Есть питание
8000042,demo-700010,2026-06-29,06:13:00,false,Есть питание
8000043,demo-700011,2026-06-29,06:15:00,false,Есть питание
8000044,demo-700013,2026-06-29,06:17:00,false,Есть питание
8000045,demo-700014,2026-06-29,06:19:00,false,Есть питание
8000046,demo-700007,2026-06-29,06:20:00,false,Норма
8000047,demo-700001,2026-06-29,06:30:00,false,19.8
8000048,demo-700016,2026-06-29,06:30:00,false,18.3
8000049,demo-700012,2026-06-29,06:45:00,false,0.01
8000050,demo-700009,2026-06-29,08:15:00,true,Неисправен
8000051,demo-700009,2026-06-29,08:16:30,true,Обесточен
8000052,demo-700001,2026-06-29,08:30:00,false,20.4
8000053,demo-700016,2026-06-29,08:30:00,false,18.9
8000054,demo-700012,2026-06-29,08:45:00,false,0
8000055,demo-700009,2026-06-29,08:52:00,false,Есть питание
8000056,demo-700002,2026-06-29,09:01:00,false,Есть питание
8000057,demo-700004,2026-06-29,09:03:00,false,Есть питание
8000058,demo-700005,2026-06-29,09:05:00,false,Есть питание
8000059,demo-700015,2026-06-29,09:05:00,true,Открыт
8000060,demo-700006,2026-06-29,09:07:00,false,Есть питание
8000061,demo-700003,2026-06-29,09:09:00,false,Есть питание
8000062,demo-700009,2026-06-29,09:11:00,false,Есть питание
8000063,demo-700010,2026-06-29,09:13:00,false,Есть питание
8000064,demo-700011,2026-06-29,09:15:00,false,Есть питание
8000065,demo-700013,2026-06-29,09:17:00,false,Есть питание
8000066,demo-700014,2026-06-29,09:19:00,false,Есть питание
8000067,demo-700015,2026-06-29,09:20:00,false,Закрыт
8000068,demo-700001,2026-06-29,10:30:00,false,21.0
8000069,demo-700016,2026-06-29,10:30:00,false,19.5
8000070,demo-700012,2026-06-29,10:45:00,false,0.01
8000071,demo-700002,2026-06-29,12:01:00,false,Есть питание
8000072,demo-700004,2026-06-29,12:03:00,false,Есть питание
8000073,demo-700005,2026-06-29,12:05:00,false,Есть питание
8000074,demo-700006,2026-06-29,12:07:00,false,Есть питание
8000075,demo-700003,2026-06-29,12:09:00,false,Есть питание
8000076,demo-700009,2026-06-29,12:11:00,false,Есть питание
8000077,demo-700010,2026-06-29,12:13:00,false,Есть питание
8000078,demo-700011,2026-06-29,12:15:00,false,Есть питание
8000079,demo-700013,2026-06-29,12:17:00,false,Есть питание
8000080,demo-700014,2026-06-29,12:19:00,false,Есть питание
8000081,demo-700007,2026-06-29,12:20:00,false,Норма
8000082,demo-700008,2026-06-29,12:25:00,false,Норма
8000083,demo-700001,2026-06-29,12:30:00,false,18.0
8000084,demo-700016,2026-06-29,12:30:00,false,16.5
8000085,demo-700012,2026-06-29,12:45:00,false,0
8000086,demo-700001,2026-06-29,14:30:00,false,18.6
8000087,demo-700016,2026-06-29,14:30:00,false,17.1
8000088,demo-700012,2026-06-29,14:45:00,false,0.01
8000089,demo-700002,2026-06-29,15:01:00,false,Есть питание
8000090,demo-700004,2026-06-29,15:03:00,false,Есть питание
8000091,demo-700005,2026-06-29,15:05:00,false,Есть питание
8000092,demo-700006,2026-06-29,15:07:00,false,Есть питание
8000093,demo-700003,2026-06-29,15:09:00,false,Есть питание
8000094,demo-700009,2026-06-29,15:11:00,false,Есть питание
8000095,demo-700010,2026-06-29,15:13:00,false,Есть питание
8000096,demo-700011,2026-06-29,15:15:00,false,Есть питание
8000097,demo-700013,2026-06-29,15:17:00,false,Есть питание
8000098,demo-700014,2026-06-29,15:19:00,false,Есть питание
8000099,demo-700001,2026-06-29,16:30:00,false,19.2
8000100,demo-700016,2026-06-29,16:30:00,false,17.7
8000101,demo-700012,2026-06-29,16:45:00,false,0
8000102,demo-700002,2026-06-29,18:01:00,false,Есть питание
8000103,demo-700004,2026-06-29,18:03:00,false,Есть питание
8000104,demo-700005,2026-06-29,18:05:00,false,Есть питание
8000105,demo-700006,2026-06-29,18:07:00,false,Есть питание
8000106,demo-700003,2026-06-29,18:09:00,false,Есть питание
8000107,demo-700009,2026-06-29,18:11:00,false,Есть питание
8000108,demo-700010,2026-06-29,18:13:00,false,Есть питание
8000109,demo-700011,2026-06-29,18:15:00,false,Есть питание
8000110,demo-700013,2026-06-29,18:17:00,false,Есть питание
8000111,demo-700014,2026-06-29,18:19:00,false,Есть питание
8000112,demo-700007,2026-06-29,18:20:00,false,Норма
8000113,demo-700001,2026-06-29,18:30:00,false,19.8
8000114,demo-700016,2026-06-29,18:30:00,false,18.3
8000115,demo-700012,2026-06-29,18:45:00,false,0.01
8000116,demo-700010,2026-06-29,19:40:12,true,Неисправен
8000117,demo-700010,2026-06-29,19:41:00,true,Обесточен
8000118,demo-700010,2026-06-29,20:05:30,false,Есть питание
8000119,demo-700001,2026-06-29,20:30:00,false,20.4
8000120,demo-700016,2026-06-29,20:30:00,false,18.9
8000121,demo-700012,2026-06-29,20:45:00,false,0
8000122,demo-700002,2026-06-29,21:01:00,false,Есть питание
8000123,demo-700004,2026-06-29,21:03:00,false,Есть питание
8000124,demo-700005,2026-06-29,21:05:00,false,Есть питание
8000125,demo-700006,2026-06-29,21:07:00,false,Есть питание
8000126,demo-700003,2026-06-29,21:09:00,false,Есть питание
8000127,demo-700009,2026-06-29,21:11:00,false,Есть питание
8000128,demo-700010,2026-06-29,21:13:00,false,Есть питание
8000129,demo-700011,2026-06-29,21:15:00,false,Есть питание
8000130,demo-700013,2026-06-29,21:17:00,false,Есть питание
8000131,demo-700014,2026-06-29,21:19:00,false,Есть питание
8000132,demo-700001,2026-06-29,22:30:00,false,21.0
8000133,demo-700016,2026-06-29,22:30:00,false,19.5
8000134,demo-700012,2026-06-29,22:45:00,false,0.01
