ИД записи журнала;ИД канала данных;ИД типа канала данных;Текущее значение;Дата записи
8100001;demo-700001;12;18,20;29.06.2026 01:15
8100002;demo-700016;12;16,20;29.06.2026 01:15:30
8100003;demo-700001;12;18,60;29.06.2026 03:15
8100004;demo-700016;12;16,60;29.06.2026 03:15:30
8100005;demo-700001;12;19,00;29.06.2026 05:15
8100006;demo-700016;12;17,00;29.06.2026 05:15:30
8100007;demo-700001;12;19,40;29.06.2026 07:15
8100008;demo-700016;12;17,40;29.06.2026 07:15:30
8100009;demo-700001;12;19,80;29.06.2026 09:15
8100010;demo-700016;12;17,80;29.06.2026 09:15:30
8100011;demo-700001;12;20,20;29.06.2026 11:15
8100012;demo-700016;12;18,20;29.06.2026 11:15:30
8100013;demo-700001;12;20,60;29.06.2026 13:15
8100014;demo-700016;12;18,60;29.06.2026 13:15:30
8100015;demo-700001;12;21,00;29.06.2026 15:15
8100016;demo-700016;12;19,00;29.06.2026 15:15:30
8100017;demo-700001;12;21,40;29.06.2026 17:15
8100018;demo-700016;12;19,40;29.06.2026 17:15:30
8100019;demo-700001;12;21,80;29.06.2026 19:15
8100020;demo-700016;12;19,80;29.06.2026 19:15:30
8100021;demo-700001;12;22,20;29.06.2026 21:15
8100022;demo-700016;12;20,20;29.06.2026 21:15:30
8100023;demo-700001;12;22,60;29.06.2026 23:15
8100024;demo-700016;12;20,60;29.06.2026 23:15:30
