ид_канала_данных,тип_инж_системы,тип_датчика,тег_инженерной_системы,название_датчика,ид_объект
demo-700001,Диспетчерский контроль,Датчик температуры,ДЕМО-1.1.,Температура ПК10,demo-obj-1
demo-700002,Электроснабжение,Состояние фазы,ДЕМО-1.2.,ФВ1 ПК12 (В1),demo-obj-1
demo-700004,Электроснабжение,Состояние фазы,ДЕМО-1.3.,ГРО1 ПК14,demo-obj-1
demo-700005,Электроснабжение,Состояние фазы,ДЕМО-1.4.,ФАНС1 ПК16,demo-obj-1
demo-700006,Электроснабжение,Состояние фазы,ДЕМО-1.5.,ЩАП1 Ввод 1,demo-obj-1
demo-700007,Водоотведение,Состояние насоса,ДЕМО-1.6.,Насос 1 ПК16,demo-obj-1
demo-700008,Пожарная сигнализация,Датчик дыма,ДЕМО-1.7.,Дым ПК12,demo-obj-1
demo-700003,Электроснабжение,Состояние фазы,ДЕМО-2.1.,РО2 ПК31,demo-obj-2
demo-700009,Электроснабжение,Состояние фазы,ДЕМО-2.2.,ГРО2 ПК33,demo-obj-2
demo-700010,Электроснабжение,Состояние фазы,ДЕМО-2.3.,ФВ2 ПК35-37 (В2),demo-obj-2
demo-700011,Электроснабжение,Состояние фазы,ДЕМО-2.4.,ЩАП2 АВР,demo-obj-2
demo-700012,Газоснабжение,Газовый датчик,ДЕМО-2.5.,Газ ПК33,demo-obj-2
demo-700013,Электроснабжение,Состояние фазы,ДЕМО-3.1.,ГРО3 ПК50,demo-obj-3
demo-700014,Электроснабжение,Состояние фазы,ДЕМО-3.2.,ФВ3 ПК52,demo-obj-3
demo-700015,Контроль доступа,КД Дверь,ДЕМО-3.3.,Дверь ПК50,demo-obj-3
demo-700016,Диспетчерский контроль,Датчик температуры,ДЕМО-3.4.,Температура ПК52,demo-obj-3
